<?xml version="1.0" encoding="UTF-8"?>
<project-private xmlns="http://www.netbeans.org/ns/project-private/1">
    <editor-bookmarks xmlns="http://www.netbeans.org/ns/editor-bookmarks/2" lastBookmarkId="0"/>
    <open-files xmlns="http://www.netbeans.org/ns/projectui-open-files/2">
        <group>
            <file>file:/R:/Desktop/EsRecupero1/src/esrecupero1/EsRecupero1.java</file>
            <file>file:/R:/Desktop/EsRecupero1/src/esrecupero1/thread.java</file>
            <file>file:/R:/Desktop/EsRecupero1/src/esrecupero1/DatiCondivisi.java</file>
            <file>file:/R:/Desktop/EsRecupero1/src/esrecupero1/Semaphore.java</file>
        </group>
    </open-files>
</project-private>
