<?xml version="1.0" encoding="UTF-8"?>
<project-private xmlns="http://www.netbeans.org/ns/project-private/1">
    <editor-bookmarks xmlns="http://www.netbeans.org/ns/editor-bookmarks/2" lastBookmarkId="0"/>
    <open-files xmlns="http://www.netbeans.org/ns/projectui-open-files/2">
        <group>
            <file>file:/R:/Desktop/tec%20recupero%202020/ESE_frequenze/src/ese_frequenze/JCorse.java</file>
            <file>file:/R:/Desktop/tec%20recupero%202020/ESE_frequenze/src/ese_frequenze/DatiCondivisi.java</file>
            <file>file:/R:/Desktop/tec%20recupero%202020/ESE_frequenze/src/ese_frequenze/ESE_frequenze.java</file>
            <file>file:/R:/Desktop/tec%20recupero%202020/ESE_frequenze/src/ese_frequenze/threadRicerca.java</file>
            <file>file:/R:/Desktop/tec%20recupero%202020/ESE_frequenze/src/ese_frequenze/JOrariTrovati.java</file>
            <file>file:/R:/Desktop/tec%20recupero%202020/ESE_frequenze/src/ese_frequenze/Semaphore.java</file>
        </group>
    </open-files>
</project-private>
