<?xml version="1.0" encoding="UTF-8"?>
<project-private xmlns="http://www.netbeans.org/ns/project-private/1">
    <editor-bookmarks xmlns="http://www.netbeans.org/ns/editor-bookmarks/2" lastBookmarkId="0"/>
    <open-files xmlns="http://www.netbeans.org/ns/projectui-open-files/2">
        <group>
            <file>file:/C:/Users/Gabriele/Desktop/corso%20recupero%20settembre%202020/VerificaB/src/verificab/Semaphore.java</file>
            <file>file:/C:/Users/Gabriele/Desktop/corso%20recupero%20settembre%202020/VerificaB/src/verificab/threadProiettile.java</file>
            <file>file:/C:/Users/Gabriele/Desktop/corso%20recupero%20settembre%202020/VerificaB/src/verificab/threadPiattello.java</file>
            <file>file:/C:/Users/Gabriele/Desktop/corso%20recupero%20settembre%202020/VerificaB/src/verificab/DatiCondivisi.java</file>
            <file>file:/C:/Users/Gabriele/Desktop/corso%20recupero%20settembre%202020/VerificaB/src/verificab/VerificaB.java</file>
        </group>
    </open-files>
</project-private>
